,0
current_state,"{'external_observations': {'vision': '[SCREENSHOT]'}, 'internal_state': {'user_inputs': [], 'agent_outputs': []}}"
past,"{'previous_instructions': '[NONE]', 'last_engine': '[NONE]'}"
world_model_prompt,"
You are an AI system specialized in high level reasoning. Your goal is to generate instructions for other specialized AIs to perform web actions to reach objectives given by humans.
Your inputs are:
- objective ('str'): a high level description of the goal to achieve.
- previous_instructions ('str'): a list of previous steps taken to reach the objective.
- last_engine ('str'): the engine used in the previous step.
- current_state ('dict'): the state of the environment in YAML to use to perform the next step.

Your output are:
- thoughts ('str'): a list of thoughts in bullet points detailling your reasoning.
- next_engine ('str'): the engine to use for the next step.
- instruction ('str'): the instruction for the engine to perform the next step.

Here are the engines at your disposal:
- Python Engine: This engine is used when the task requires doing computing using the current state of the agent. 
It does not impact the outside world and does not navigate.
- Navigation Engine: This engine is used when the next step of the task requires further navigation to reach the goal. 
For instance it can be used to click on a link or to fill a form on a webpage. This engine is heavy and will do complex processing of the current HTML to decide which element to interact with.
- Navigation Controls: This engine is used to perform simple navigation. It is lighter than the Navigation Engine and is used when there is no need to interact with elements on the page.
Current controls are WAIT (to wait for a certain amount of time), BACK (to go back in the browser history), and SCAN (to take screenshots of the whole page).

Here are guidelines to follow:

# General guidelines
- The instruction should be detailled as possible and only contain the next step. 
- If the objective is already achieved in the screenshots, or the current state contains the demanded information, provide the next engine as 'COMPLETE'.
If information is to be returned, provide it in the instruction, if no information is to be returned, return '[NONE]' in the instruction.
Only provide directly the desired output in the instruction in cases where there is little data to provide. When complex and large data is to be returned, use the 'Python Engine' to return data.
- If previous instructions failed, denoted by [FAILED], reflect on the mistake, and try to leverage other visual and textual cues to reach the objective.

# Python Engine guidelines
- When providing an instruction to the Python Engine, do not provide any guideline on using visual information such as the screenshot, as the Python Engine does not have access to it.
- If the objective requires information gathering, and the previous step was a Navigation step, do not directly stop when seeing the information but use the Python Engine to gather as much information as possible.

# Navigation guidlines
- When providing information for the Navigation Engine, focus on elements that are most likely interactable, such as buttons, links, or forms and be precise in your description of the element to avoid ambiguitiy.
- If several steps have to be taken, provide instructions in bullet points.
- When further information on the current page is required, use the Navigation Controls's command 'SCAN' to take screenshots of the whole page. If the whole page has been scanned, there is no need to scan it again.

Here are previous examples:

Objective:  Go to the first issue you can find
Previous instructions: 
- Click on 'Issues' with the number '28' next to it.
- [FAILED] Click on 'Build and share place where people can suggest their use cases and results #225'
- [FAILED] Click on 'Build and share place where people can suggest their use cases and results #225'
Last engine: Navigation Engine
Current state: 
external_observations:
  vision: '[SCREENSHOT]'
internal_state:
  agent_outputs: []
  user_inputs: []

Thoughts:
- The current screenshot shows the issues page of the GitHub repository 'lavague-ai/LaVague'.
- The objective is to go to the first issue.
- Previous instructions have been unsuccessful. A new approach should be used.
- The '#225' seems not to be clickable and it might be relevant to devise an instruction that does not include it. 
Next engine: Navigation Engine
Instruction: Click on the first issue, with title 'Build and share place where people can suggest their use cases and results'
-----
Objective: Find When Llama 3 was released
Previous instructions:
- Click on 'meta-llama/Meta-Llama-3-8B'
Last engine: Navigation Engine
Current state:
external_observations:
  vision: '[SCREENSHOT]'
internal_state:
  agent_outputs: []
  user_inputs: []

Thoughts:
- The current page shows the model page for 'meta-llama/Meta-Llama-3-8B' on Hugging Face.
- Hugging Face, is a hub for AI models and datasets, where users can explore and interact with a variety of AI models.
- I am therefore on the right page to find information about the release date of 'Meta-Llama-3-8B'.
- However, only information visible right now is about legal and licensing information.
- Therefore the best next step is to use the 'SCAN' command to take a screenshots of the whole page to find the release date before taking further action.
Next engine: Navigation Controls
Instruction: SCAN
-----
Objective: Provide the code to get started with Gemini API
Previous instructions:
- Click on 'Read API docs'
- Click on 'Gemini API quickstart' on the menu
- SCAN
Last engine: Navigation Engine
Current state:
external_observations:
  vision: '[SCREENSHOTS]'
internal_state:
  agent_outputs: []
  user_inputs: []

Thoughts:
- The whole page has been scanned and current screenshot show the documentation page for the getting started of Gemini API.
- I am therefore on the right page to find the code to get started with the Gemini API.
- The next step is to provide the code to get started with the Gemini API.
- Therefore I need to use the Python Engine to generate the code to extract the code to get started with the Gemini API from this page.
Next engine: Python Engine
Instruction: Extract the code to get started with the Gemini API from the content of the page.
-----
Objective: What tech stack do we use?
Previous instructions: 
- [FAILED] Locate and click on the ""Technology Solutions"" link or section to find information about the tech stack.
- [FAILED] Click on the ""Technology Solutions"" section to explore detailed information about the tech stack.
Last engine: Navigation Engine
Current state: 
external_observations:
  vision: '[SCREENSHOT]'
internal_state:
  agent_outputs: []
  user_inputs: []

Thought:
- The screenshot shows a Notion webpage with information about a company called ACME INC.
- It has information about the company, their services, and departments.
- Previous instructions tried to click on ""Technology Solutions"" without success. This probably means that ""Technology Solutions"" is not clickable or reachable.
- Other strategies have to be pursued to reach the objective.
- There seems to be a link at the end of the screen about departments, with mention of a 'Software development' section that could be promising.
- The best next step is to explore this link to find information about the tech stack.
Next engine: Navigation Engine
Instruction: Click on the 'Software development' link.
-----
Objective: Provide a quick description of the author
Previous instructions:
- Click on 'About the author'
Last engine: Navigation Engine
Current state:
external_observations:
  vision: '[SCREENSHOT]'
internal_state:
  agent_outputs: []
  user_inputs: []

Thoughts:
- The screenshot shows a personal biography of the author.
- The goal is to provide a quick description of the author.
- This description is brief and can be directly extracted.
Next engine: COMPLETE
Instruction: The author is a software engineer with a passion for AI and machine learning. He has worked on various projects and has a blog where he shares his knowledge and experience.
-----
Objective: Provide description and price of their products
Previous instructions:
- Click on 'Products' in the menu
- Click on 'Platform overview' in the menu
Last engine: Navigation Engine
Current state:
external_observations:
  vision: '[SCREENSHOT]'
internal_state:
  agent_outputs: []
  user_inputs: []
  
Thoughts:
- The current page shows the product page of the company OpenAI
- The objective is to provide a description and price of their products.
- We seem to be on the right page to find the information.
- However, to answer the objective, gathering as much information as possible is necessary.
- The best next step is to use the Navigation Controls to take a screenshot of the whole page to extract the description and price of the products.
Next engine: Navigation Controls
Instruction: SCAN
-----
Objective: Provide the company’s mission statement
Previous instructions:
- Extract the text of the mission statement
Last engine: Python Engine
Current state:
external_observations:
  vision: '[SCREENSHOT]'
internal_state:
  agent_outputs: [""Our mission is to innovate and lead in the technology sector, creating solutions that drive progress and improve lives.""]
  user_inputs: []

Thoughts:
- The current screenshot shows the page about the company's vision and mision.
- The Python Engine was previously called to extract the mission statement.
- The agent_outputs contains the correct mission statement.
- Therefore, the goal has been achieved and we can output the mission statement.
Next engine: COMPLETE
Instruction: Our mission is to innovate and lead in the technology sector, creating solutions that drive progress and improve lives.
-----
Objective: Provide the address of the headquarters
Previous instructions:
- Click on 'Contact Us'
Last engine: Navigation Engine
Current state:
external_observations:
  vision: '[SCREENSHOT]'
internal_state:
  agent_outputs: []
  user_inputs: []
Thoughts:

- The screenshot shows the 'Contact Us' section of the website.
- The address of the headquarters is visible directly in the screenshot.
- The visual information is sufficient to extract and provide the address.
- No further processing is required as the address can be directly read from the screenshot.
Next engine: COMPLETE
Instruction: The address of the headquarters is 1234 Elm Street, Springfield, IL, 62701.
-----
Objective: Identify the list of services provided by the company
Previous instructions:
- Click on 'Services' in the menu
- SCAN
Last engine: Navigation Engine
Current state:
- external_observations:
  vision: '[SCREENSHOTS]'
internal_state:
  agent_outputs: []
  user_inputs: []
Thoughts:

- The whole page has been scanned, and the current screenshots show the services page of the company.
- The objective is to identify the list of services provided by the company.
- Since there is likely to be a significant amount of data to gather, it is better to use the Python Engine to extract this information reliably rather than directly using vision on it.
Next engine: Python Engine
Instruction: Extract the list of services provided by the company from the content of the page.
-----
Objective: Provide the date and location of the next company event
Previous instructions:
- Click on 'Events' in the menu
Last engine: Navigation Engine
Current state:
external_observations:
  vision: '[SCREENSHOT]'
internal_state:
  agent_outputs: []
  user_inputs: []
Thoughts:

- The current screenshot shows the 'Events' page.
- The objective is to provide the date and location of the next company event.
- The date and location of the next event are clearly mentioned in the screenshot.
- The objective can be easily achieved by directly reading the information from the screenshot.
Next engine: COMPLETE
Instruction: The next company event is on June 10, 2024, at the Downtown Convention Center, New York.


Here is the next objective:
Objective: Read the headlines of the first 5 articles
Previous instructions: 
[NONE]
Last engine: [NONE]
Current state: 
external_observations:
  vision: '[SCREENSHOT]'
internal_state:
  agent_outputs: []
  user_inputs: []


Thought:
"
world_model_output,"Thoughts:
- The current screenshot shows the front page of Hacker News.
- The objective is to read the headlines of the first 5 articles.
- The headlines are visible directly in the screenshot.
- No further navigation or complex processing is required to achieve the objective.

Next engine: COMPLETE
Instruction: 
1. Boating Stanley launches first crewed mission
2. Vulkan1.3 on the Pi 4 now!
3. History of the Paper Clip (2006)
4. How to make a 100% autonomous foosball-playing robot
5. We Improved the Performance of a Userspace TCP Stack on 6by 50%"
world_model_inference_time,7.63562273979187
html,"<html lang=""en"" op=""news""><head><meta name=""referrer"" content=""origin""><meta name=""viewport"" content=""width=device-width, initial-scale=1.0""><link rel=""stylesheet"" type=""text/css"" href=""news.css?xD8U3ukULypGkgoXRaYN"">
        <link rel=""icon"" href=""y18.svg"">
                  <link rel=""alternate"" type=""application/rss+xml"" title=""RSS"" href=""rss"">
        <title>Hacker News</title></head><body><center><table id=""hnmain"" border=""0"" cellpadding=""0"" cellspacing=""0"" width=""85%"" bgcolor=""#f6f6ef"">
        <tbody><tr><td bgcolor=""#ff6600""><table border=""0"" cellpadding=""0"" cellspacing=""0"" width=""100%"" style=""padding:2px""><tbody><tr><td style=""width:18px;padding-right:4px""><a href=""https://news.ycombinator.com""><img src=""y18.svg"" width=""18"" height=""18"" style=""border:1px white solid; display:block""></a></td>
                  <td style=""line-height:12pt; height:10px;""><span class=""pagetop""><b class=""hnname""><a href=""news"">Hacker News</a></b>
                            <a href=""newest"">new</a> | <a href=""front"">past</a> | <a href=""newcomments"">comments</a> | <a href=""ask"">ask</a> | <a href=""show"">show</a> | <a href=""jobs"">jobs</a> | <a href=""submit"" rel=""nofollow"">submit</a>            </span></td><td style=""text-align:right;padding-right:4px;""><span class=""pagetop"">
                              <a href=""login?goto=news"">login</a>
                          </span></td>
              </tr></tbody></table></td></tr>
<tr id=""pagespace"" title="""" style=""height:10px""></tr><tr><td><table border=""0"" cellpadding=""0"" cellspacing=""0"">
            <tbody><tr class=""athing"" id=""40585728"">
      <td align=""right"" valign=""top"" class=""title""><span class=""rank"">1.</span></td>      <td valign=""top"" class=""votelinks""><center><a id=""up_40585728"" href=""vote?id=40585728&amp;how=up&amp;goto=news""><div class=""votearrow"" title=""upvote""></div></a></center></td><td class=""title""><span class=""titleline""><a href=""https://www.bbc.co.uk/news/live/world-us-canada-69094213"">Boeing Starliner launches first crewed mission</a><span class=""sitebit comhead""> (<a href=""from?site=bbc.co.uk""><span class=""sitestr"">bbc.co.uk</span></a>)</span></span></td></tr><tr><td colspan=""2""></td><td class=""subtext""><span class=""subline"">
          <span class=""score"" id=""score_40585728"">200 points</span> by <a href=""user?id=helsinkiandrew"" class=""hnuser"">helsinkiandrew</a> <span class=""age"" title=""2024-06-05T15:04:03""><a href=""item?id=40585728"">2 hours ago</a></span> <span id=""unv_40585728""></span> | <a href=""hide?id=40585728&amp;goto=news"">hide</a> | <a href=""item?id=40585728"">151&nbsp;comments</a>        </span>
              </td></tr>
      <tr class=""spacer"" style=""height:5px""></tr>
                <tr class=""athing"" id=""40585842"">
      <td align=""right"" valign=""top"" class=""title""><span class=""rank"">2.</span></td>      <td valign=""top"" class=""votelinks""><center><a id=""up_40585842"" href=""vote?id=40585842&amp;how=up&amp;goto=news""><div class=""votearrow"" title=""upvote""></div></a></center></td><td class=""title""><span class=""titleline""><a href=""https://rosenzweig.io/blog/vk13-on-the-m1-in-1-month.html"">Vulkan1.3 on the M1 in one month</a><span class=""sitebit comhead""> (<a href=""from?site=rosenzweig.io""><span class=""sitestr"">rosenzweig.io</span></a>)</span></span></td></tr><tr><td colspan=""2""></td><td class=""subtext""><span class=""subline"">
          <span class=""score"" id=""score_40585842"">206 points</span> by <a href=""user?id=todsacerdoti"" class=""hnuser"">todsacerdoti</a> <span class=""age"" title=""2024-06-05T15:11:01""><a href=""item?id=40585842"">2 hours ago</a></span> <span id=""unv_40585842""></span> | <a href=""hide?id=40585842&amp;goto=news"">hide</a> | <a href=""item?id=40585842"">64&nbsp;comments</a>        </span>
              </td></tr>
      <tr class=""spacer"" style=""height:5px""></tr>
                <tr class=""athing"" id=""40586475"">
      <td align=""right"" valign=""top"" class=""title""><span class=""rank"">3.</span></td>      <td valign=""top"" class=""votelinks""><center><a id=""up_40586475"" href=""vote?id=40586475&amp;how=up&amp;goto=news""><div class=""votearrow"" title=""upvote""></div></a></center></td><td class=""title""><span class=""titleline""><a href=""http://www.officemuseum.com/paper_clips.htm"">History of the Paper Clip (2016)</a><span class=""sitebit comhead""> (<a href=""from?site=officemuseum.com""><span class=""sitestr"">officemuseum.com</span></a>)</span></span></td></tr><tr><td colspan=""2""></td><td class=""subtext""><span class=""subline"">
          <span class=""score"" id=""score_40586475"">32 points</span> by <a href=""user?id=wizardforhire"" class=""hnuser"">wizardforhire</a> <span class=""age"" title=""2024-06-05T15:53:17""><a href=""item?id=40586475"">1 hour ago</a></span> <span id=""unv_40586475""></span> | <a href=""hide?id=40586475&amp;goto=news"">hide</a> | <a href=""item?id=40586475"">6&nbsp;comments</a>        </span>
              </td></tr>
      <tr class=""spacer"" style=""height:5px""></tr>
                <tr class=""athing"" id=""40585932"">
      <td align=""right"" valign=""top"" class=""title""><span class=""rank"">4.</span></td>      <td valign=""top"" class=""votelinks""><center><a id=""up_40585932"" href=""vote?id=40585932&amp;how=up&amp;goto=news""><div class=""votearrow"" title=""upvote""></div></a></center></td><td class=""title""><span class=""titleline""><a href=""https://github.com/misprit7/foosbar"">Show HN: Foosbar – My autonomous foosball-playing robot</a><span class=""sitebit comhead""> (<a href=""from?site=github.com/misprit7""><span class=""sitestr"">github.com/misprit7</span></a>)</span></span></td></tr><tr><td colspan=""2""></td><td class=""subtext""><span class=""subline"">
          <span class=""score"" id=""score_40585932"">67 points</span> by <a href=""user?id=misprit7"" class=""hnuser"">misprit7</a> <span class=""age"" title=""2024-06-05T15:16:50""><a href=""item?id=40585932"">2 hours ago</a></span> <span id=""unv_40585932""></span> | <a href=""hide?id=40585932&amp;goto=news"">hide</a> | <a href=""item?id=40585932"">25&nbsp;comments</a>        </span>
              </td></tr>
      <tr class=""spacer"" style=""height:5px""></tr>
                <tr class=""athing"" id=""40586757"">
      <td align=""right"" valign=""top"" class=""title""><span class=""rank"">5.</span></td>      <td valign=""top"" class=""votelinks""><center><a id=""up_40586757"" href=""vote?id=40586757&amp;how=up&amp;goto=news""><div class=""votearrow"" title=""upvote""></div></a></center></td><td class=""title""><span class=""titleline""><a href=""https://coder.com/blog/delivering-5x-faster-throughput-in-coder-2-12-0"">We Improved the Performance of a Userspace TCP Stack in Go by 5X</a><span class=""sitebit comhead""> (<a href=""from?site=coder.com""><span class=""sitestr"">coder.com</span></a>)</span></span></td></tr><tr><td colspan=""2""></td><td class=""subtext""><span class=""subline"">
          <span class=""score"" id=""score_40586757"">21 points</span> by <a href=""user?id=infomaniac"" class=""hnuser"">infomaniac</a> <span class=""age"" title=""2024-06-05T16:13:39""><a href=""item?id=40586757"">1 hour ago</a></span> <span id=""unv_40586757""></span> | <a href=""hide?id=40586757&amp;goto=news"">hide</a> | <a href=""item?id=40586757"">4&nbsp;comments</a>        </span>
              </td></tr>
      <tr class=""spacer"" style=""height:5px""></tr>
                <tr class=""athing"" id=""40587778"">
      <td align=""right"" valign=""top"" class=""title""><span class=""rank"">6.</span></td>      <td valign=""top"" class=""votelinks""><center><a id=""up_40587778"" href=""vote?id=40587778&amp;how=up&amp;goto=news""><div class=""votearrow"" title=""upvote""></div></a></center></td><td class=""title""><span class=""titleline""><a href=""https://hypertextjournal.substack.com/p/the-rise-of-the-abundance-faction"" rel=""nofollow"">The Rise of the Abundance Faction</a><span class=""sitebit comhead""> (<a href=""from?site=hypertextjournal.substack.com""><span class=""sitestr"">hypertextjournal.substack.com</span></a>)</span></span></td></tr><tr><td colspan=""2""></td><td class=""subtext""><span class=""subline"">
          <span class=""score"" id=""score_40587778"">5 points</span> by <a href=""user?id=jseliger"" class=""hnuser"">jseliger</a> <span class=""age"" title=""2024-06-05T17:26:37""><a href=""item?id=40587778"">36 minutes ago</a></span> <span id=""unv_40587778""></span> | <a href=""hide?id=40587778&amp;goto=news"">hide</a> | <a href=""item?id=40587778"">discuss</a>        </span>
              </td></tr>
      <tr class=""spacer"" style=""height:5px""></tr>
                <tr class=""athing"" id=""40572288"">
      <td align=""right"" valign=""top"" class=""title""><span class=""rank"">7.</span></td>      <td valign=""top"" class=""votelinks""><center><a id=""up_40572288"" href=""vote?id=40572288&amp;how=up&amp;goto=news""><div class=""votearrow"" title=""upvote""></div></a></center></td><td class=""title""><span class=""titleline""><a href=""https://github.com/NX-AI/xlstm"">XLSTM code release by NX-AI</a><span class=""sitebit comhead""> (<a href=""from?site=github.com/nx-ai""><span class=""sitestr"">github.com/nx-ai</span></a>)</span></span></td></tr><tr><td colspan=""2""></td><td class=""subtext""><span class=""subline"">
          <span class=""score"" id=""score_40572288"">54 points</span> by <a href=""user?id=badlogic"" class=""hnuser"">badlogic</a> <span class=""age"" title=""2024-06-04T09:09:55""><a href=""item?id=40572288"">4 hours ago</a></span> <span id=""unv_40572288""></span> | <a href=""hide?id=40572288&amp;goto=news"">hide</a> | <a href=""item?id=40572288"">10&nbsp;comments</a>        </span>
              </td></tr>
      <tr class=""spacer"" style=""height:5px""></tr>
                <tr class=""athing"" id=""40587419"">
      <td align=""right"" valign=""top"" class=""title""><span class=""rank"">8.</span></td>      <td><img src=""s.gif"" height=""1"" width=""14""></td>       <td class=""title""><span class=""titleline""><a href=""https://remotejobs.org/companies/rankscience-remote-jobs"" rel=""nofollow"">RankScience (YC W17) is hiring to supercharge SEO for startups</a><span class=""sitebit comhead""> (<a href=""from?site=remotejobs.org""><span class=""sitestr"">remotejobs.org</span></a>)</span></span></td></tr><tr><td colspan=""2""></td><td class=""subtext"">
        <span class=""age"" title=""2024-06-05T17:00:19""><a href=""item?id=40587419"">1 hour ago</a></span> | <a href=""hide?id=40587419&amp;goto=news"">hide</a>      </td></tr>
      <tr class=""spacer"" style=""height:5px""></tr>
                <tr class=""athing"" id=""40587685"">
      <td align=""right"" valign=""top"" class=""title""><span class=""rank"">9.</span></td>      <td valign=""top"" class=""votelinks""><center><a id=""up_40587685"" href=""vote?id=40587685&amp;how=up&amp;goto=news""><div class=""votearrow"" title=""upvote""></div></a></center></td><td class=""title""><span class=""titleline""><a href=""https://stability.ai/news/introducing-stable-audio-open"">Stable Audio Open</a><span class=""sitebit comhead""> (<a href=""from?site=stability.ai""><span class=""sitestr"">stability.ai</span></a>)</span></span></td></tr><tr><td colspan=""2""></td><td class=""subtext""><span class=""subline"">
          <span class=""score"" id=""score_40587685"">27 points</span> by <a href=""user?id=davidbarker"" class=""hnuser"">davidbarker</a> <span class=""age"" title=""2024-06-05T17:19:13""><a href=""item?id=40587685"">43 minutes ago</a></span> <span id=""unv_40587685""></span> | <a href=""hide?id=40587685&amp;goto=news"">hide</a> | <a href=""item?id=40587685"">8&nbsp;comments</a>        </span>
              </td></tr>
      <tr class=""spacer"" style=""height:5px""></tr>
                <tr class=""athing"" id=""40585559"">
      <td align=""right"" valign=""top"" class=""title""><span class=""rank"">10.</span></td>      <td valign=""top"" class=""votelinks""><center><a id=""up_40585559"" href=""vote?id=40585559&amp;how=up&amp;goto=news""><div class=""votearrow"" title=""upvote""></div></a></center></td><td class=""title""><span class=""titleline""><a href=""https://github.com/laudspeaker/laudspeaker"">Show HN: Laudspeaker – Open-source mobile push, SMS and email automation</a><span class=""sitebit comhead""> (<a href=""from?site=github.com/laudspeaker""><span class=""sitestr"">github.com/laudspeaker</span></a>)</span></span></td></tr><tr><td colspan=""2""></td><td class=""subtext""><span class=""subline"">
          <span class=""score"" id=""score_40585559"">40 points</span> by <a href=""user?id=abe94"" class=""hnuser"">abe94</a> <span class=""age"" title=""2024-06-05T14:52:37""><a href=""item?id=40585559"">3 hours ago</a></span> <span id=""unv_40585559""></span> | <a href=""hide?id=40585559&amp;goto=news"">hide</a> | <a href=""item?id=40585559"">8&nbsp;comments</a>        </span>
              </td></tr>
      <tr class=""spacer"" style=""height:5px""></tr>
                <tr class=""athing"" id=""40586676"">
      <td align=""right"" valign=""top"" class=""title""><span class=""rank"">11.</span></td>      <td valign=""top"" class=""votelinks""><center><a id=""up_40586676"" href=""vote?id=40586676&amp;how=up&amp;goto=news""><div class=""votearrow"" title=""upvote""></div></a></center></td><td class=""title""><span class=""titleline""><a href=""https://www.theguardian.com/society/article/2024/jun/05/bowel-disease-hope-researchers-find-biological-pathway"">Researchers identify major driver of inflammatory bowel and related diseases</a><span class=""sitebit comhead""> (<a href=""from?site=theguardian.com""><span class=""sitestr"">theguardian.com</span></a>)</span></span></td></tr><tr><td colspan=""2""></td><td class=""subtext""><span class=""subline"">
          <span class=""score"" id=""score_40586676"">66 points</span> by <a href=""user?id=racional"" class=""hnuser"">racional</a> <span class=""age"" title=""2024-06-05T16:07:45""><a href=""item?id=40586676"">1 hour ago</a></span> <span id=""unv_40586676""></span> | <a href=""hide?id=40586676&amp;goto=news"">hide</a> | <a href=""item?id=40586676"">7&nbsp;comments</a>        </span>
              </td></tr>
      <tr class=""spacer"" style=""height:5px""></tr>
                <tr class=""athing"" id=""40582035"">
      <td align=""right"" valign=""top"" class=""title""><span class=""rank"">12.</span></td>      <td valign=""top"" class=""votelinks""><center><a id=""up_40582035"" href=""vote?id=40582035&amp;how=up&amp;goto=news""><div class=""votearrow"" title=""upvote""></div></a></center></td><td class=""title""><span class=""titleline""><a href=""https://martinwecke.de/108/"">Minimalistic Beat Maker</a><span class=""sitebit comhead""> (<a href=""from?site=martinwecke.de""><span class=""sitestr"">martinwecke.de</span></a>)</span></span></td></tr><tr><td colspan=""2""></td><td class=""subtext""><span class=""subline"">
          <span class=""score"" id=""score_40582035"">28 points</span> by <a href=""user?id=ambigious7777"" class=""hnuser"">ambigious7777</a> <span class=""age"" title=""2024-06-05T06:43:45""><a href=""item?id=40582035"">3 hours ago</a></span> <span id=""unv_40582035""></span> | <a href=""hide?id=40582035&amp;goto=news"">hide</a> | <a href=""item?id=40582035"">7&nbsp;comments</a>        </span>
              </td></tr>
      <tr class=""spacer"" style=""height:5px""></tr>
                <tr class=""athing"" id=""40586587"">
      <td align=""right"" valign=""top"" class=""title""><span class=""rank"">13.</span></td>      <td valign=""top"" class=""votelinks""><center><a id=""up_40586587"" href=""vote?id=40586587&amp;how=up&amp;goto=news""><div class=""votearrow"" title=""upvote""></div></a></center></td><td class=""title""><span class=""titleline""><a href=""https://mbuffett.com/posts/maintaining-motivation/"">Managing my motivation as a solo dev</a><span class=""sitebit comhead""> (<a href=""from?site=mbuffett.com""><span class=""sitestr"">mbuffett.com</span></a>)</span></span></td></tr><tr><td colspan=""2""></td><td class=""subtext""><span class=""subline"">
          <span class=""score"" id=""score_40586587"">114 points</span> by <a href=""user?id=marcusbuffett"" class=""hnuser"">marcusbuffett</a> <span class=""age"" title=""2024-06-05T16:01:01""><a href=""item?id=40586587"">2 hours ago</a></span> <span id=""unv_40586587""></span> | <a href=""hide?id=40586587&amp;goto=news"">hide</a> | <a href=""item?id=40586587"">27&nbsp;comments</a>        </span>
              </td></tr>
      <tr class=""spacer"" style=""height:5px""></tr>
                <tr class=""athing"" id=""40571088"">
      <td align=""right"" valign=""top"" class=""title""><span class=""rank"">14.</span></td>      <td valign=""top"" class=""votelinks""><center><a id=""up_40571088"" href=""vote?id=40571088&amp;how=up&amp;goto=news""><div class=""votearrow"" title=""upvote""></div></a></center></td><td class=""title""><span class=""titleline""><a href=""https://ayende.com/blog/201153-B/building-a-serverless-secured-dead-drop"">Building a serverless secured dead drop</a><span class=""sitebit comhead""> (<a href=""from?site=ayende.com""><span class=""sitestr"">ayende.com</span></a>)</span></span></td></tr><tr><td colspan=""2""></td><td class=""subtext""><span class=""subline"">
          <span class=""score"" id=""score_40571088"">12 points</span> by <a href=""user?id=ayende"" class=""hnuser"">ayende</a> <span class=""age"" title=""2024-06-04T05:51:26""><a href=""item?id=40571088"">2 hours ago</a></span> <span id=""unv_40571088""></span> | <a href=""hide?id=40571088&amp;goto=news"">hide</a> | <a href=""item?id=40571088"">discuss</a>        </span>
              </td></tr>
      <tr class=""spacer"" style=""height:5px""></tr>
                <tr class=""athing"" id=""40585039"">
      <td align=""right"" valign=""top"" class=""title""><span class=""rank"">15.</span></td>      <td valign=""top"" class=""votelinks""><center><a id=""up_40585039"" href=""vote?id=40585039&amp;how=up&amp;goto=news""><div class=""votearrow"" title=""upvote""></div></a></center></td><td class=""title""><span class=""titleline""><a href=""https://arxiv.org/abs/2406.02061"">Simple tasks showing reasoning breakdown in state-of-the-art LLMs</a><span class=""sitebit comhead""> (<a href=""from?site=arxiv.org""><span class=""sitestr"">arxiv.org</span></a>)</span></span></td></tr><tr><td colspan=""2""></td><td class=""subtext""><span class=""subline"">
          <span class=""score"" id=""score_40585039"">211 points</span> by <a href=""user?id=tosh"" class=""hnuser"">tosh</a> <span class=""age"" title=""2024-06-05T14:13:39""><a href=""item?id=40585039"">3 hours ago</a></span> <span id=""unv_40585039""></span> | <a href=""hide?id=40585039&amp;goto=news"">hide</a> | <a href=""item?id=40585039"">212&nbsp;comments</a>        </span>
              </td></tr>
      <tr class=""spacer"" style=""height:5px""></tr>
                <tr class=""athing"" id=""40578705"">
      <td align=""right"" valign=""top"" class=""title""><span class=""rank"">16.</span></td>      <td valign=""top"" class=""votelinks""><center><a id=""up_40578705"" href=""vote?id=40578705&amp;how=up&amp;goto=news""><div class=""votearrow"" title=""upvote""></div></a></center></td><td class=""title""><span class=""titleline""><a href=""https://www.andreinc.net/2024/04/24/from-the-circle-to-epicycles"">An animated introduction to Fourier series</a><span class=""sitebit comhead""> (<a href=""from?site=andreinc.net""><span class=""sitestr"">andreinc.net</span></a>)</span></span></td></tr><tr><td colspan=""2""></td><td class=""subtext""><span class=""subline"">
          <span class=""score"" id=""score_40578705"">523 points</span> by <a href=""user?id=gaws"" class=""hnuser"">gaws</a> <span class=""age"" title=""2024-06-04T20:39:52""><a href=""item?id=40578705"">21 hours ago</a></span> <span id=""unv_40578705""></span> | <a href=""hide?id=40578705&amp;goto=news"">hide</a> | <a href=""item?id=40578705"">74&nbsp;comments</a>        </span>
              </td></tr>
      <tr class=""spacer"" style=""height:5px""></tr>
                <tr class=""athing"" id=""40570428"">
      <td align=""right"" valign=""top"" class=""title""><span class=""rank"">17.</span></td>      <td valign=""top"" class=""votelinks""><center><a id=""up_40570428"" href=""vote?id=40570428&amp;how=up&amp;goto=news""><div class=""votearrow"" title=""upvote""></div></a></center></td><td class=""title""><span class=""titleline""><a href=""https://www.michaelgeist.ca/2024/06/huge-win-for-copyright-user-rights-in-canada-federal-court-rules-digital-lock-rules-do-not-trump-fair-dealing/"">Win for copyright user rights in Canada: Digital locks do not trump fair dealing</a><span class=""sitebit comhead""> (<a href=""from?site=michaelgeist.ca""><span class=""sitestr"">michaelgeist.ca</span></a>)</span></span></td></tr><tr><td colspan=""2""></td><td class=""subtext""><span class=""subline"">
          <span class=""score"" id=""score_40570428"">61 points</span> by <a href=""user?id=peutetre"" class=""hnuser"">peutetre</a> <span class=""age"" title=""2024-06-04T03:34:34""><a href=""item?id=40570428"">9 hours ago</a></span> <span id=""unv_40570428""></span> | <a href=""hide?id=40570428&amp;goto=news"">hide</a> | <a href=""item?id=40570428"">6&nbsp;comments</a>        </span>
              </td></tr>
      <tr class=""spacer"" style=""height:5px""></tr>
                <tr class=""athing"" id=""40586030"">
      <td align=""right"" valign=""top"" class=""title""><span class=""rank"">18.</span></td>      <td valign=""top"" class=""votelinks""><center><a id=""up_40586030"" href=""vote?id=40586030&amp;how=up&amp;goto=news""><div class=""votearrow"" title=""upvote""></div></a></center></td><td class=""title""><span class=""titleline""><a href=""https://book.systemsapproach.org/"" rel=""nofollow"">Computer Networks: A Systems Approach</a><span class=""sitebit comhead""> (<a href=""from?site=systemsapproach.org""><span class=""sitestr"">systemsapproach.org</span></a>)</span></span></td></tr><tr><td colspan=""2""></td><td class=""subtext""><span class=""subline"">
          <span class=""score"" id=""score_40586030"">9 points</span> by <a href=""user?id=skilled"" class=""hnuser"">skilled</a> <span class=""age"" title=""2024-06-05T15:24:26""><a href=""item?id=40586030"">2 hours ago</a></span> <span id=""unv_40586030""></span> | <a href=""hide?id=40586030&amp;goto=news"">hide</a> | <a href=""item?id=40586030"">1&nbsp;comment</a>        </span>
              </td></tr>
      <tr class=""spacer"" style=""height:5px""></tr>
                <tr class=""athing"" id=""40584135"">
      <td align=""right"" valign=""top"" class=""title""><span class=""rank"">19.</span></td>      <td valign=""top"" class=""votelinks""><center><a id=""up_40584135"" href=""vote?id=40584135&amp;how=up&amp;goto=news""><div class=""votearrow"" title=""upvote""></div></a></center></td><td class=""title""><span class=""titleline""><a href=""https://www.haaretz.com/israel-news/security-aviation/2024-06-05/ty-article-magazine/.premium/israel-secretly-targeted-american-lawmakers-with-gaza-war-influence-campaign/0000018f-e7c8-d11f-a5cf-e7cb62af0000"">Israel reportedly used fake social accounts to garner support from US lawmakers</a><span class=""sitebit comhead""> (<a href=""from?site=haaretz.com""><span class=""sitestr"">haaretz.com</span></a>)</span></span></td></tr><tr><td colspan=""2""></td><td class=""subtext""><span class=""subline"">
          <span class=""score"" id=""score_40584135"">266 points</span> by <a href=""user?id=frob"" class=""hnuser"">frob</a> <span class=""age"" title=""2024-06-05T12:41:24""><a href=""item?id=40584135"">5 hours ago</a></span> <span id=""unv_40584135""></span> | <a href=""hide?id=40584135&amp;goto=news"">hide</a> | <a href=""item?id=40584135"">153&nbsp;comments</a>        </span>
              </td></tr>
      <tr class=""spacer"" style=""height:5px""></tr>
                <tr class=""athing"" id=""40580549"">
      <td align=""right"" valign=""top"" class=""title""><span class=""rank"">20.</span></td>      <td valign=""top"" class=""votelinks""><center><a id=""up_40580549"" href=""vote?id=40580549&amp;how=up&amp;goto=news""><div class=""votearrow"" title=""upvote""></div></a></center></td><td class=""title""><span class=""titleline""><a href=""https://blog.ploeh.dk/2024/06/03/youll-regret-using-natural-keys/"">You'll regret using natural keys</a><span class=""sitebit comhead""> (<a href=""from?site=ploeh.dk""><span class=""sitestr"">ploeh.dk</span></a>)</span></span></td></tr><tr><td colspan=""2""></td><td class=""subtext""><span class=""subline"">
          <span class=""score"" id=""score_40580549"">614 points</span> by <a href=""user?id=thunderbong"" class=""hnuser"">thunderbong</a> <span class=""age"" title=""2024-06-05T01:25:09""><a href=""item?id=40580549"">16 hours ago</a></span> <span id=""unv_40580549""></span> | <a href=""hide?id=40580549&amp;goto=news"">hide</a> | <a href=""item?id=40580549"">459&nbsp;comments</a>        </span>
              </td></tr>
      <tr class=""spacer"" style=""height:5px""></tr>
                <tr class=""athing"" id=""40569940"">
      <td align=""right"" valign=""top"" class=""title""><span class=""rank"">21.</span></td>      <td valign=""top"" class=""votelinks""><center><a id=""up_40569940"" href=""vote?id=40569940&amp;how=up&amp;goto=news""><div class=""votearrow"" title=""upvote""></div></a></center></td><td class=""title""><span class=""titleline""><a href=""https://phys.org/news/2024-05-vestiges-life-earth-saudi-arabia.html"">New vestiges of the first life on Earth discovered</a><span class=""sitebit comhead""> (<a href=""from?site=phys.org""><span class=""sitestr"">phys.org</span></a>)</span></span></td></tr><tr><td colspan=""2""></td><td class=""subtext""><span class=""subline"">
          <span class=""score"" id=""score_40569940"">19 points</span> by <a href=""user?id=wglb"" class=""hnuser"">wglb</a> <span class=""age"" title=""2024-06-04T01:56:05""><a href=""item?id=40569940"">5 hours ago</a></span> <span id=""unv_40569940""></span> | <a href=""hide?id=40569940&amp;goto=news"">hide</a> | <a href=""item?id=40569940"">2&nbsp;comments</a>        </span>
              </td></tr>
      <tr class=""spacer"" style=""height:5px""></tr>
                <tr class=""athing"" id=""40586998"">
      <td align=""right"" valign=""top"" class=""title""><span class=""rank"">22.</span></td>      <td valign=""top"" class=""votelinks""><center><a id=""up_40586998"" href=""vote?id=40586998&amp;how=up&amp;goto=news""><div class=""votearrow"" title=""upvote""></div></a></center></td><td class=""title""><span class=""titleline""><a href=""https://phys.org/news/2024-06-false-traffickers-online-discourse.html"">Study shows banning false info traffickers online can improve public discourse</a><span class=""sitebit comhead""> (<a href=""from?site=phys.org""><span class=""sitestr"">phys.org</span></a>)</span></span></td></tr><tr><td colspan=""2""></td><td class=""subtext""><span class=""subline"">
          <span class=""score"" id=""score_40586998"">35 points</span> by <a href=""user?id=jdmark"" class=""hnuser"">jdmark</a> <span class=""age"" title=""2024-06-05T16:32:40""><a href=""item?id=40586998"">1 hour ago</a></span> <span id=""unv_40586998""></span> | <a href=""hide?id=40586998&amp;goto=news"">hide</a> | <a href=""item?id=40586998"">21&nbsp;comments</a>        </span>
              </td></tr>
      <tr class=""spacer"" style=""height:5px""></tr>
                <tr class=""athing"" id=""40567327"">
      <td align=""right"" valign=""top"" class=""title""><span class=""rank"">23.</span></td>      <td valign=""top"" class=""votelinks""><center><a id=""up_40567327"" href=""vote?id=40567327&amp;how=up&amp;goto=news""><div class=""votearrow"" title=""upvote""></div></a></center></td><td class=""title""><span class=""titleline""><a href=""https://google.github.io/mesop/"">Show HN: Mesop – Open-source Python UI framework</a><span class=""sitebit comhead""> (<a href=""from?site=google.github.io""><span class=""sitestr"">google.github.io</span></a>)</span></span></td></tr><tr><td colspan=""2""></td><td class=""subtext""><span class=""subline"">
          <span class=""score"" id=""score_40567327"">56 points</span> by <a href=""user?id=willchen"" class=""hnuser"">willchen</a> <span class=""age"" title=""2024-06-03T20:44:16""><a href=""item?id=40567327"">1 day ago</a></span> <span id=""unv_40567327""></span> | <a href=""hide?id=40567327&amp;goto=news"">hide</a> | <a href=""item?id=40567327"">17&nbsp;comments</a>        </span>
              </td></tr>
      <tr class=""spacer"" style=""height:5px""></tr>
                <tr class=""athing"" id=""40576132"">
      <td align=""right"" valign=""top"" class=""title""><span class=""rank"">24.</span></td>      <td valign=""top"" class=""votelinks""><center><a id=""up_40576132"" href=""vote?id=40576132&amp;how=up&amp;goto=news""><div class=""votearrow"" title=""upvote""></div></a></center></td><td class=""title""><span class=""titleline""><a href=""https://digilent.com/blog/why-do-electronic-components-have-such-odd-values/"">Why do electronic components have such odd values? (2021)</a><span class=""sitebit comhead""> (<a href=""from?site=digilent.com""><span class=""sitestr"">digilent.com</span></a>)</span></span></td></tr><tr><td colspan=""2""></td><td class=""subtext""><span class=""subline"">
          <span class=""score"" id=""score_40576132"">426 points</span> by <a href=""user?id=mtm"" class=""hnuser"">mtm</a> <span class=""age"" title=""2024-06-04T16:20:49""><a href=""item?id=40576132"">1 day ago</a></span> <span id=""unv_40576132""></span> | <a href=""hide?id=40576132&amp;goto=news"">hide</a> | <a href=""item?id=40576132"">142&nbsp;comments</a>        </span>
              </td></tr>
      <tr class=""spacer"" style=""height:5px""></tr>
                <tr class=""athing"" id=""40582603"">
      <td align=""right"" valign=""top"" class=""title""><span class=""rank"">25.</span></td>      <td valign=""top"" class=""votelinks""><center><a id=""up_40582603"" href=""vote?id=40582603&amp;how=up&amp;goto=news""><div class=""votearrow"" title=""upvote""></div></a></center></td><td class=""title""><span class=""titleline""><a href=""https://github.com/laktak/zfind"">Show HN: zfind – CLI like find but using SQL syntax and also does tar/zip</a><span class=""sitebit comhead""> (<a href=""from?site=github.com/laktak""><span class=""sitestr"">github.com/laktak</span></a>)</span></span></td></tr><tr><td colspan=""2""></td><td class=""subtext""><span class=""subline"">
          <span class=""score"" id=""score_40582603"">59 points</span> by <a href=""user?id=laktak"" class=""hnuser"">laktak</a> <span class=""age"" title=""2024-06-05T08:19:23""><a href=""item?id=40582603"">9 hours ago</a></span> <span id=""unv_40582603""></span> | <a href=""hide?id=40582603&amp;goto=news"">hide</a> | <a href=""item?id=40582603"">5&nbsp;comments</a>        </span>
              </td></tr>
      <tr class=""spacer"" style=""height:5px""></tr>
                <tr class=""athing"" id=""40574331"">
      <td align=""right"" valign=""top"" class=""title""><span class=""rank"">26.</span></td>      <td valign=""top"" class=""votelinks""><center><a id=""up_40574331"" href=""vote?id=40574331&amp;how=up&amp;goto=news""><div class=""votearrow"" title=""upvote""></div></a></center></td><td class=""title""><span class=""titleline""><a href=""https://www.personalcanon.com/p/research-as-leisure-activity"">Research as leisure activity</a><span class=""sitebit comhead""> (<a href=""from?site=personalcanon.com""><span class=""sitestr"">personalcanon.com</span></a>)</span></span></td></tr><tr><td colspan=""2""></td><td class=""subtext""><span class=""subline"">
          <span class=""score"" id=""score_40574331"">29 points</span> by <a href=""user?id=gmays"" class=""hnuser"">gmays</a> <span class=""age"" title=""2024-06-04T13:21:02""><a href=""item?id=40574331"">7 hours ago</a></span> <span id=""unv_40574331""></span> | <a href=""hide?id=40574331&amp;goto=news"">hide</a> | <a href=""item?id=40574331"">4&nbsp;comments</a>        </span>
              </td></tr>
      <tr class=""spacer"" style=""height:5px""></tr>
                <tr class=""athing"" id=""40572113"">
      <td align=""right"" valign=""top"" class=""title""><span class=""rank"">27.</span></td>      <td valign=""top"" class=""votelinks""><center><a id=""up_40572113"" href=""vote?id=40572113&amp;how=up&amp;goto=news""><div class=""votearrow"" title=""upvote""></div></a></center></td><td class=""title""><span class=""titleline""><a href=""https://gamehistory.org/atari-2600-tarzan/"">The Long-Lost Tarzan Atari Game, Preserved</a><span class=""sitebit comhead""> (<a href=""from?site=gamehistory.org""><span class=""sitestr"">gamehistory.org</span></a>)</span></span></td></tr><tr><td colspan=""2""></td><td class=""subtext""><span class=""subline"">
          <span class=""score"" id=""score_40572113"">124 points</span> by <a href=""user?id=Luc"" class=""hnuser"">Luc</a> <span class=""age"" title=""2024-06-04T08:43:59""><a href=""item?id=40572113"">14 hours ago</a></span> <span id=""unv_40572113""></span> | <a href=""hide?id=40572113&amp;goto=news"">hide</a> | <a href=""item?id=40572113"">3&nbsp;comments</a>        </span>
              </td></tr>
      <tr class=""spacer"" style=""height:5px""></tr>
                <tr class=""athing"" id=""40581545"">
      <td align=""right"" valign=""top"" class=""title""><span class=""rank"">28.</span></td>      <td valign=""top"" class=""votelinks""><center><a id=""up_40581545"" href=""vote?id=40581545&amp;how=up&amp;goto=news""><div class=""votearrow"" title=""upvote""></div></a></center></td><td class=""title""><span class=""titleline""><a href=""https://github.blog/2024-06-03-arm64-on-github-actions-powering-faster-more-efficient-build-systems/"">Arm64 on GitHub Actions</a><span class=""sitebit comhead""> (<a href=""from?site=github.blog""><span class=""sitestr"">github.blog</span></a>)</span></span></td></tr><tr><td colspan=""2""></td><td class=""subtext""><span class=""subline"">
          <span class=""score"" id=""score_40581545"">199 points</span> by <a href=""user?id=sonichigo"" class=""hnuser"">sonichigo</a> <span class=""age"" title=""2024-06-05T05:02:09""><a href=""item?id=40581545"">13 hours ago</a></span> <span id=""unv_40581545""></span> | <a href=""hide?id=40581545&amp;goto=news"">hide</a> | <a href=""item?id=40581545"">72&nbsp;comments</a>        </span>
              </td></tr>
      <tr class=""spacer"" style=""height:5px""></tr>
                <tr class=""athing"" id=""40584327"">
      <td align=""right"" valign=""top"" class=""title""><span class=""rank"">29.</span></td>      <td valign=""top"" class=""votelinks""><center><a id=""up_40584327"" href=""vote?id=40584327&amp;how=up&amp;goto=news""><div class=""votearrow"" title=""upvote""></div></a></center></td><td class=""title""><span class=""titleline""><a href=""https://arxiv.org/abs/2406.02543"">To Believe or Not Believe Your LLM</a><span class=""sitebit comhead""> (<a href=""from?site=arxiv.org""><span class=""sitestr"">arxiv.org</span></a>)</span></span></td></tr><tr><td colspan=""2""></td><td class=""subtext""><span class=""subline"">
          <span class=""score"" id=""score_40584327"">29 points</span> by <a href=""user?id=josh-sematic"" class=""hnuser"">josh-sematic</a> <span class=""age"" title=""2024-06-05T13:04:55""><a href=""item?id=40584327"">4 hours ago</a></span> <span id=""unv_40584327""></span> | <a href=""hide?id=40584327&amp;goto=news"">hide</a> | <a href=""item?id=40584327"">1&nbsp;comment</a>        </span>
              </td></tr>
      <tr class=""spacer"" style=""height:5px""></tr>
                <tr class=""athing"" id=""40584612"">
      <td align=""right"" valign=""top"" class=""title""><span class=""rank"">30.</span></td>      <td valign=""top"" class=""votelinks""><center><a id=""up_40584612"" href=""vote?id=40584612&amp;how=up&amp;goto=news""><div class=""votearrow"" title=""upvote""></div></a></center></td><td class=""title""><span class=""titleline""><a href=""https://www.arosworld.org/infusions/forum/viewthread.php?thread_id=1218&amp;rowstart=60#post_5437"" rel=""nofollow"">Prototype of AROS ABIv0 emulator for 64-bit AROS</a><span class=""sitebit comhead""> (<a href=""from?site=arosworld.org""><span class=""sitestr"">arosworld.org</span></a>)</span></span></td></tr><tr><td colspan=""2""></td><td class=""subtext""><span class=""subline"">
          <span class=""score"" id=""score_40584612"">3 points</span> by <a href=""user?id=doener"" class=""hnuser"">doener</a> <span class=""age"" title=""2024-06-05T13:38:49""><a href=""item?id=40584612"">4 hours ago</a></span> <span id=""unv_40584612""></span> | <a href=""hide?id=40584612&amp;goto=news"">hide</a> | <a href=""item?id=40584612"">discuss</a>        </span>
              </td></tr>
      <tr class=""spacer"" style=""height:5px""></tr>
            <tr class=""morespace"" style=""height:10px""></tr><tr><td colspan=""2""></td>
      <td class=""title""><a href=""?p=2"" class=""morelink"" rel=""next"">More</a></td>    </tr>
  </tbody></table>
</td></tr>
<tr><td><img src=""s.gif"" height=""10"" width=""0""><table width=""100%"" cellspacing=""0"" cellpadding=""1""><tbody><tr><td bgcolor=""#ff6600""></td></tr></tbody></table><br>
<center><span class=""yclinks""><a href=""newsguidelines.html"">Guidelines</a> | <a href=""newsfaq.html"">FAQ</a> | <a href=""lists"">Lists</a> | <a href=""https://github.com/HackerNews/API"">API</a> | <a href=""security.html"">Security</a> | <a href=""https://www.ycombinator.com/legal/"">Legal</a> | <a href=""https://www.ycombinator.com/apply/"">Apply to YC</a> | <a href=""mailto:hn@ycombinator.com"">Contact</a></span><br><br>
<form method=""get"" action=""//hn.algolia.com/"">Search: <input type=""text"" name=""q"" size=""17"" autocorrect=""off"" spellcheck=""false"" autocapitalize=""off"" autocomplete=""false""></form></center></td></tr>      </tbody></table></center>
      <script type=""text/javascript"" src=""hn.js?xD8U3ukULypGkgoXRaYN""></script>
  
</body></html>"
screenshots_path,screenshots/https_news.ycombinator.com_
url,https://news.ycombinator.com/
date,2024-06-05T11:04:03.781808
run_id,0ea8cdec-7691-419f-80cd-5b792d29f62f
step,0
screenshots,[<PIL.PngImagePlugin.PngImageFile image mode=RGB size=2048x1880 at 0x14838FDC0>]
